unix_ts,avg_latency_ms,throughput
1462489375,17.950109,11615
1462489376,19.864463,43368
1462489377,20.755606,49906
1462489378,15.629246,66594
1462489379,14.374505,69152
1462489380,13.983969,70697
1462489381,13.678568,72606
1462489382,14.325936,69315
1462489383,14.159868,70177
1462489384,13.945409,70809
1462489385,14.949528,5520
